283813,file,,,,
283960,file,,,,
283802,file,,,,
283782,file,,,,
283948,file,,,,
283766,file,,,,
283871,file,,,,
283902,file,,,,
283777,file,,,,
283838,file,,,,
283857,file,,,,
283913,file,,,,
283808,file,,,,
283852,file,,,,
283789,file,,,,
283938,file,,,,
283882,file,,,,
283784,file,,,,
283881,file,,,,
283791,file,,,,
283887,file,,,,
283906,file,,,,
283914,file,,,,
283786,file,,,,
283916,file,,,,
283801,file,,,,
283836,file,,,,
283815,file,,,,
283954,file,,,,
283780,file,,,,
283884,file,,,,
283930,file,,,,
283764,file,ESIB,10.15.18,ESGK,18.14.0
283861,file,,,,
283921,file,,,,
283845,file,,,,
283792,file,,,,
283876,file,,,,
283909,file,,,,
283862,file,,,,
283816,file,,,,
283962,file,,,,
283889,file,,,,
283768,file,ESOW,15.7.13,ESNJ,16.4.0
283779,file,,,,
283840,file,,,,
283885,file,,,,
283827,file,,,,
283856,file,,,,
283863,file,,,,
283890,file,,,,
283846,file,,,,
283812,file,,,,
283894,file,,,,
283883,file,,,,
283878,file,,,,
283829,file,ESOH,20.14.9,ESMG,21.36.0
283950,file,,,,
283796,file,,,,
283957,file,,,,
283933,file,,,,
283946,file,,,,
283785,file,,,,
283956,file,,,,
283806,file,,,,
283944,file,,,,
283859,file,,,,
283941,file,,,,
283891,file,,,,
283892,file,,,,
283800,file,,,,
283898,file,,,,
283929,file,,,,
283771,file,,,,
283769,file,,,,
283825,file,,,,
283837,file,,,,
283961,file,,,,
283865,file,,,,
283918,file,ESKN,13.59.55,ESGT,15.50.0
283947,file,,,,
283864,file,,,,
283936,file,,,,
283893,file,,,,
283896,file,,,,
283888,file,ESOW,12.8.4,ESND,14.38.0
283820,file,,,,
283835,file,,,,
283843,file,,,,
283823,file,,,,
283900,file,,,,
283949,file,,,,
283866,file,,,,
283877,file,,,,
283935,file,,,,
283955,file,,,,
283932,file,,,,
283781,file,,,,
283853,file,,,,
283875,file,,,,
283945,file,,,,
283879,file,,,,
283942,file,,,,
283849,file,,,,
283903,file,,,,
283951,file,,,,
283804,file,,,,
283834,file,,,,
283832,file,ESNN,8.12.38,ESSU,10.33.0
283805,file,,,,
283872,file,,,,
283963,file,,,,
283788,file,,,,
283869,file,,,,
283803,file,,,,
283952,file,,,,
283870,file,,,,
283886,file,,,,
283855,file,,,,
283790,file,,,,
283770,file,,,,
283787,file,,,,
283880,file,,,,
283910,file,,,,
283783,file,,,,
283851,file,,,,
283943,file,,,,
283839,file,,,,
283931,file,,,,
283917,file,,,,
283848,file,,,,
283767,file,,,,
283873,file,,,,
283922,file,,,,
283867,file,,,,
283772,file,,,,
283817,file,,,,
283774,file,,,,
283897,file,,,,
283905,file,,,,
283868,file,,,,
283911,file,,,,
283799,file,,,,
283927,file,ESND,2.52.47,ESSU,4.19.0
283854,file,,,,
283826,file,,,,
283874,file,,,,
283793,file,,,,
283934,file,ESGJ,17.45.6,ESNV,18.43.0
283778,file,,,,
283860,file,,,,
283776,file,,,,
283822,file,,,,
283908,file,,,,
283814,file,,,,
283937,file,,,,
283926,file,,,,
283821,file,,,,
283809,file,,,,
283915,file,,,,
283925,file,,,,
283923,file,,,,
283901,file,,,,
283940,file,,,,
283920,file,,,,
283895,file,,,,
283850,file,,,,
283798,file,,,,
283807,file,,,,
283939,file,,,,
283824,file,,,,
283958,file,,,,
283775,file,,,,
283797,file,,,,
283811,file,,,,
283833,file,,,,
283841,file,,,,
283912,file,,,,
283773,file,,,,
283794,file,,,,
283959,file,,,,
283928,file,,,,
283847,file,,,,
283819,file,,,,
283810,file,,,,
283830,file,,,,
283818,file,,,,
283795,file,,,,
283831,file,,,,
283919,file,,,,
283904,file,,,,
283828,file,,,,
283858,file,,,,
283924,file,,,,
283953,file,,,,
283842,file,,,,
283765,file,,,,
283844,file,,,,
283907,file,,,,
283899,file,,,,
2839138,file,ESKN,13.59.55,ESGT,15.50.0
